{
  "MAE_lat": 2.2057677126729938,
  "MSE_lat": 13.175531090003544,
  "RMSE_lat": 3.629811440006704,
  "MAE_lon": 1.598278189019989,
  "MSE_lon": 7.982496527002645,
  "RMSE_lon": 2.8253312242996653,
  "MAE_alt": 0.06446691150739645,
  "MSE_alt": 0.00829791755388255,
  "RMSE_alt": 0.0910929061666305,
  "MAE_x": 0.10073598625150149,
  "MSE_x": 0.022808367715284914,
  "RMSE_x": 0.15102439443773616,
  "MAE_y": 0.07936456511313797,
  "MSE_y": 0.010202264019747104,
  "RMSE_y": 0.10100625732966796,
  "MAE_z": 0.36474142979965896,
  "MSE_z": 0.32169813493642835,
  "RMSE_z": 0.5671843923596879,
  "MAE_w": 0.2795749760349204,
  "MSE_w": 0.15271113988143165,
  "RMSE_w": 0.39078272720455753,
  "MAE_mean": 0.670418538628514,
  "RMSE_mean": 1.1080333345435214,
  "n_images": 2565,
  "pos_error_2d_mean": 3.0432419664284787,
  "pos_error_2d_median": 1.6621146122936332,
  "pos_error_2d_rmse": 4.599785605547957,
  "pos_error_2d_p90": 8.270613001799127,
  "pos_error_2d_p95": 9.785525846876531
}