{
  "MAE_lat": 1.9744641941576406,
  "MSE_lat": 10.75515721596298,
  "RMSE_lat": 3.2795056359096226,
  "MAE_lon": 1.7320284006148319,
  "MSE_lon": 8.901508331468587,
  "RMSE_lon": 2.9835395642539395,
  "MAE_mean": 1.8532462973862363,
  "RMSE_mean": 3.131522600081781,
  "n_images": 2565
}